Names,Unnamed: 1,Unnamed: 2,Unnamed: 3,Unnamed: 4,Unnamed: 5,Unnamed: 6,Unnamed: 7
Bijan Robinson,,,,,,,
Jahmyr Gibbs,,,,,,,
Zach Charbonnet,,,,,,,
Kendre Miller,,,,,,,
Tyjae Spears,,,,,,,
Devon Achane,,,,,,,
Tank Bigsby,,,,,,,
Roschon Johnson,,,,,,,
Israel Abanikanda,,,,,,,
Chase Brown,,,,,,,
Eric Gray,,,,,,,
Evan Hull,,,,,,,
Chris Rodriguez,,,,,,,
Deuce Vaughn,,,,,,,
Zach Evans,,,,,,,
DeWayne McBride,,,,,,,
Lew Nichols,,,,,,,
Kenny McIntosh,,,,,,,
Breece Hall,,,,,,,
Kenneth Walker,,,,,,,
James Cook,,,,,,,
Rachaad White,,,,,,,
Tyrion Davis-Price,,,,,,,
Brian Robinson,,,,,,,
Dameon Pierce,,,,,,,
Zamir White,,,,,,,
Isaiah Spiller,,,,,,,
Pierre Strong,,,,,,,
Hassan Haskins,,,,,,,
Tyler Allgeier,,,,,,,
Snoop Conner,,,,,,,
Jerome Ford,,,,,,,
Kyren Williams,,,,,,,
Ty Chandler,,,,,,,
Kevin Harris,,,,,,,
Tyler Badie,,,,,,,
Keaontay Ingram,,,,,,,
Trestan Ebner,,,,,,,
Connor Heyward,,,,,,,
Brittain Brown,,,,,,,
Isaih Pacheco,,,,,,,
Zander Horvath,,,,,,,
Najee Harris,,,,,,,
Travis Etienne,,,,,,,
Javonte Williams,,,,,,,
Trey Sermon,,,,,,,
Michael Carter,,,,,,,
Kene Nwangwu,,,,,,,
Rhamondre Stevenson,,,,,,,
Chuba Hubbard,,,,,,,
Kenneth Gainwell,,,,,,,
Ben Mason,,,,,,,
Elijah Mitchell,,,,,,,
Gary Brightwell,,,,,,,
Larry Rountree,,,,,,,
Chris Evans,,,,,,,
Demetric Felton,,,,,,,
Khalil Herbert,,,,,,,
Jake Funk,,,,,,,
Gerrid Doaks,,,,,,,
Kylin Hill,,,,,,,
Jermar Jefferson,,,,,,,
Clyde Edwards-Helaire,,,,,,,
D'Andre Swift,,,,,,,
Jonathan Taylor,,,,,,,
Cam Akers,,,,,,,
J.K. Dobbins,,,,,,,
AJ Dillon,,,,,,,
Ke'Shawn Vaughn,,,,,,,
Zack Moss,,,,,,,
Darrynton Evans,,,,,,,
Joshua Kelley,,,,,,,
Lamical Perine,,,,,,,
Anthony McFarland,,,,,,,
DeeJay Dallas,,,,,,,
Jason Huntley,,,,,,,
Eno Benjamin,,,,,,,
Raymond Calais,,,,,,,
Josh Jacobs,,,,,,,
Miles Sanders,,,,,,,
Darrell Henderson,,,,,,,
David Montgomery,,,,,,,
Devin Singletary,,,,,,,
Damien Harris,,,,,,,
Alexander Mattison,,,,,,,
Bryce Love,,,,,,,
Justice Hill,,,,,,,
Benny Snell,,,,,,,
Tony Pollard,,,,,,,
Ryquell Armstead,,,,,,,
Qadree Ollison,,,,,,,
Jordan Scarlett,,,,,,,
Trayveon Williams,,,,,,,
Ty Johnson,,,,,,,
Dexter Williams,,,,,,,
Travis Homer,,,,,,,
Rodney Anderson,,,,,,,
Darwin Thompson,,,,,,,
Mike Weber,,,,,,,
Cullen Gillaspia,,,,,,,
Kerrith Whyte,,,,,,,
Chandler Cox,,,,,,,
Myles Gaskin,,,,,,,
Saquon Barkley,,,,,,,
Rashaad Penny,,,,,,,
Sony Michel,,,,,,,
Nick Chubb,,,,,,,
Ronald Jones,,,,,,,
Kerryon Johnson,,,,,,,
Derrius Guice,,,,,,,
Royce Freeman,,,,,,,
Nyheim Hines,,,,,,,
Mark Walton,,,,,,,
Ito Smith,,,,,,,
Kalen Ballage,,,,,,,
Chase Edmonds,,,,,,,
Jordan Wilkins,,,,,,,
John Kelly,,,,,,,
Boston Scott,,,,,,,
Trenton Cannon,,,,,,,
David Williams,,,,,,,
Bo Scarbrough,,,,,,,
Nick Bawdon,,,,,,,
Justin Jackson,,,,,,,
Leonard Fournette,,,,,,,
Christian McCaffrey,,,,,,,
Dalvin Cook,,,,,,,
Joe Mixon,,,,,,,
Alvin Kamara,,,,,,,
Kareem Hunt,,,,,,,
D'Onta Foreman,,,,,,,
James Conner,,,,,,,
Samaje Perine,,,,,,,
Tarik Cohen,,,,,,,
Joe Williams,,,,,,,
Donnel Pumphrey,,,,,,,
Jamaal Williams,,,,,,,
Wayne Gallman,,,,,,,
Marlon Mack,,,,,,,
Brian Hill,,,,,,,
Jeremy McNichols,,,,,,,
T.J. Logan,,,,,,,
Aaron Jones,,,,,,,
Elijah McGuire,,,,,,,
Alex Armah,,,,,,,
De'Angelo Henderson,,,,,,,
Sam Rogers,,,,,,,
Brandon Wilson,,,,,,,
Devante Mays,,,,,,,
Marquez Williams,,,,,,,
Khalfani Muhammad,,,,,,,
Elijah Hood,,,,,,,
Chris Carson,,,,,,,
Matthew Dayes,,,,,,,
Ezekiel Elliott,,,,,,,
Derrick Henry,,,,,,,
Kenyan Drake,,,,,,,
C.J. Prosise,,,,,,,
Tyler Ervin,,,,,,,
Kenneth Dixon,,,,,,,
Devontae Booker,,,,,,,
DeAndre Washington,,,,,,,
Paul Perkins,,,,,,,
Jordan Howard,,,,,,,
Wendell Smallwood,,,,,,,
Jonathan Williams,,,,,,,
Alex Collins,,,,,,,
Andy Janovich,,,,,,,
Keenan Reynolds,,,,,,,
Dan Vitale,,,,,,,
Derek Watt,,,,,,,
Kelvin Taylor,,,,,,,
Darius Jackson,,,,,,,
Dwayne Washington,,,,,,,
Daniel Lasco,,,,,,,
Keith Marshall,,,,,,,
Zac Brooks,,,,,,,
Todd Gurley,,,,,,,
Melvin Gordon,,,,,,,
T.J. Yeldon,,,,,,,
Ameer Abdullah,,,,,,,
Tevin Coleman,,,,,,,
Duke Johnson,,,,,,,
David Johnson,,,,,,,
Matt Jones,,,,,,,
Jeremy Langford,,,,,,,
Jalston Fowler,,,,,,,
Javorius Allen,,,,,,,
Mike Davis,,,,,,,
David Cobb,,,,,,,
Jay Ajayi,,,,,,,
Karlos Williams,,,,,,,
Michael Burton,,,,,,,
Cameron Artis-Payne,,,,,,,
Josh Robinson,,,,,,,
Aaron Ripkowski,,,,,,,
Marcus Murphy,,,,,,,
Joey Iosefa,,,,,,,
Kenny Hilliard,,,,,,,
Bishop Sankey,,,,,,,
Jeremy Hill,,,,,,,
Carlos Hyde,,,,,,,
Charles Sims,,,,,,,
Tre Mason,,,,,,,
Terrance West,,,,,,,
Jerick McKinnon,,,,,,,
Dri Archer,,,,,,,
Devonta Freeman,,,,,,,
Andre Williams,,,,,,,
Ka'Deem Carey,,,,,,,
De'Anthony Thomas,,,,,,,
James White,,,,,,,
Lorenzo Taliaferro,,,,,,,
Alfred Blue,,,,,,,
Lache Seastrunk,,,,,,,
Marion Grice,,,,,,,
Tyler Gaffney,,,,,,,
Jay Prosch,,,,,,,
Storm Johnson,,,,,,,
Kiero Small,,,,,,,
Trey Millard,,,,,,,
